id,last_name,first_name,middle_name,email,phone
1,Иванов,Иван,Иванович,ivanov@mail.ru,+79001234567
2,Петрова,Мария,Александровна,petrova@mail.ru,+79002345678
3,Сидоров,Алексей,Иванович,sidorov@mail.ru,+79003456789
4,Кузнецова,Елена,Владимировна,kuznetsova@mail.ru,+79004567890
5,Смирнов,Дмитрий,Анатольевич,smirnov@mail.ru,+79005678901
6,Попова,Светлана,Петровна,popova@mail.ru,+79006789012
7,Федоров,Петр,Дмитриевич,fedorov@mail.ru,+79007890123
8,Васильева,Ольга,Григорьевна,vasilieva@mail.ru,+79008901234
9,Лебедев,Анатолий,Сергеевич,lebedev@mail.ru,+79009012345
10,Морозова,Татьяна,Викторовна,morozova@mail.ru,+79000123456
11,Ковалев,Николай,Михайлович,kovalev@mail.ru,+79001234567
12,Соколова,Ирина,Николаевна,sokolova@mail.ru,+79002345678
13,Жуков,Константин,Станиславович,zhukov@mail.ru,+79003456789
14,Григорьева,Ксения,Дмитриевна,grigorieva@mail.ru,+79004567890
15,Старков,Максим,Романович,starkov@mail.ru,+79005678901
16,Вергушин,Влад,Сергеев,dqdwqds@gmail.com,+71234567890
